customer_id,last_order_date
12942,2011-07-31 14:39:00
15438,2011-07-31 14:19:00
13388,2011-07-31 12:52:00
13722,2011-07-31 12:44:00
14885,2011-07-31 12:05:00
17695,2011-07-31 10:40:00
18064,2011-07-29 16:39:00
13106,2011-07-29 15:12:00
17926,2011-07-29 14:39:00
15776,2011-07-29 13:46:00
13414,2011-07-29 11:45:00
15149,2011-07-29 10:58:00
16147,2011-07-29 09:57:00
15120,2011-07-29 09:48:00
14143,2011-07-29 09:48:00
15942,2011-07-29 09:01:00
18268,2011-07-28 19:13:00
15245,2011-07-28 18:56:00
17931,2011-07-28 18:33:00
12507,2011-07-28 17:09:00
12743,2011-07-28 16:21:00
14002,2011-07-28 15:55:00
15746,2011-07-28 15:21:00
15118,2011-07-28 14:54:00
15639,2011-07-28 14:30:00
12453,2011-07-28 14:08:00
16951,2011-07-28 12:05:00
18151,2011-07-28 11:35:00
12853,2011-07-28 11:29:00
15261,2011-07-27 15:20:00
16696,2011-07-27 14:23:00
16447,2011-07-27 12:45:00
13194,2011-07-27 09:01:00
13730,2011-07-27 08:35:00
13492,2011-07-26 14:25:00
15855,2011-07-26 10:20:00
15372,2011-07-25 16:39:00
17693,2011-07-25 15:48:00
14692,2011-07-25 15:08:00
13296,2011-07-25 13:46:00
14100,2011-07-25 11:01:00
17040,2011-07-25 10:19:00
16178,2011-07-24 16:05:00
17649,2011-07-24 15:53:00
13037,2011-07-24 15:46:00
13116,2011-07-24 14:33:00
12763,2011-07-24 14:12:00
17935,2011-07-24 13:18:00
12864,2011-07-24 13:03:00
16948,2011-07-24 12:46:00
16305,2011-07-24 12:18:00
17312,2011-07-24 11:52:00
13802,2011-07-24 10:54:00
17265,2011-07-24 10:49:00
12916,2011-07-24 10:35:00
18262,2011-07-22 16:04:00
15704,2011-07-22 13:35:00
18146,2011-07-22 12:08:00
16866,2011-07-22 10:06:00
15623,2011-07-21 17:26:00
16654,2011-07-21 15:23:00
17660,2011-07-21 13:37:00
17694,2011-07-21 12:00:00
14259,2011-07-21 10:44:00
15108,2011-07-21 10:24:00
17962,2011-07-20 14:16:00
16807,2011-07-20 12:00:00
15802,2011-07-20 11:38:00
17866,2011-07-20 11:07:00
12521,2011-07-20 10:51:00
12510,2011-07-20 10:15:00
12875,2011-07-19 15:30:00
16112,2011-07-19 14:28:00
15713,2011-07-19 13:34:00
12947,2011-07-19 10:06:00
14117,2011-07-19 09:49:00
12840,2011-07-19 09:29:00
13564,2011-07-18 14:33:00
16859,2011-07-18 12:19:00
13821,2011-07-18 09:49:00
14758,2011-07-18 08:21:00
17984,2011-07-17 15:59:00
12833,2011-07-17 13:46:00
16054,2011-07-17 13:08:00
13967,2011-07-17 12:02:00
15716,2011-07-17 11:59:00
14722,2011-07-15 14:58:00
14958,2011-07-15 14:20:00
15004,2011-07-15 14:05:00
17948,2011-07-15 12:58:00
17444,2011-07-15 12:05:00
12815,2011-07-15 10:21:00
14891,2011-07-14 18:08:00
14461,2011-07-14 17:11:00
17259,2011-07-14 15:01:00
15402,2011-07-14 12:17:00
15256,2011-07-14 11:47:00
12915,2011-07-14 11:34:00
14847,2011-07-14 10:52:00
12653,2011-07-14 10:41:00
12405,2011-07-14 08:52:00
14400,2011-07-13 15:50:00
13667,2011-07-13 15:42:00
18121,2011-07-13 12:53:00
16450,2011-07-13 11:47:00
15795,2011-07-13 10:43:00
15895,2011-07-13 10:27:00
16998,2011-07-13 09:44:00
13420,2011-07-13 08:48:00
14548,2011-07-12 12:19:00
12669,2011-07-12 09:54:00
15577,2011-07-11 17:03:00
17337,2011-07-11 14:55:00
12717,2011-07-11 14:47:00
15265,2011-07-11 14:46:00
13675,2011-07-11 12:57:00
14552,2011-07-11 12:49:00
13754,2011-07-11 11:51:00
15045,2011-07-11 11:33:00
13678,2011-07-11 10:14:00
17126,2011-07-10 13:52:00
18024,2011-07-10 12:40:00
17787,2011-07-10 11:24:00
13955,2011-07-08 17:19:00
15920,2011-07-08 15:31:00
16398,2011-07-08 15:16:00
18037,2011-07-08 13:39:00
15182,2011-07-08 13:37:00
14104,2011-07-08 12:50:00
12648,2011-07-08 11:55:00
14264,2011-07-08 10:20:00
16091,2011-07-08 08:45:00
13302,2011-07-07 17:56:00
13699,2011-07-07 16:51:00
14021,2011-07-07 15:46:00
18013,2011-07-07 14:11:00
14459,2011-07-07 13:35:00
13583,2011-07-07 10:40:00
13291,2011-07-07 10:36:00
15512,2011-07-07 10:20:00
12977,2011-07-06 16:40:00
12450,2011-07-06 14:41:00
16919,2011-07-06 13:35:00
17341,2011-07-06 12:33:00
17440,2011-07-06 11:54:00
15334,2011-07-06 11:22:00
15889,2011-07-06 11:10:00
16829,2011-07-06 10:48:00
13253,2011-07-06 10:09:00
14645,2011-07-06 09:15:00
14352,2011-07-05 15:41:00
17046,2011-07-05 14:24:00
16146,2011-07-05 14:20:00
16338,2011-07-05 13:56:00
18142,2011-07-05 13:19:00
18203,2011-07-05 13:07:00
14905,2011-07-05 12:41:00
13085,2011-07-05 12:11:00
15646,2011-07-05 09:53:00
12980,2011-07-05 09:34:00
13338,2011-07-05 09:06:00
15349,2011-07-04 16:06:00
16344,2011-07-04 15:50:00
17464,2011-07-04 13:19:00
17765,2011-07-04 12:41:00
15007,2011-07-03 16:00:00
17781,2011-07-03 16:00:00
17105,2011-07-03 15:53:00
17899,2011-07-03 14:58:00
13833,2011-07-03 13:27:00
17939,2011-07-03 12:27:00
12922,2011-07-01 15:35:00
16498,2011-07-01 15:07:00
14338,2011-07-01 14:08:00
15483,2011-07-01 13:07:00
17505,2011-07-01 12:50:00
14016,2011-07-01 11:29:00
17123,2011-07-01 10:47:00
17891,2011-06-30 20:08:00
13745,2011-06-30 16:43:00
14803,2011-06-30 13:58:00
15578,2011-06-30 13:03:00
12424,2011-06-30 12:06:00
14267,2011-06-30 10:09:00
16553,2011-06-29 15:42:00
16801,2011-06-29 15:33:00
14327,2011-06-29 13:58:00
15537,2011-06-29 13:10:00
17408,2011-06-29 12:53:00
17391,2011-06-29 09:58:00
15146,2011-06-28 12:09:00
14351,2011-06-28 11:56:00
14481,2011-06-28 10:38:00
16545,2011-06-28 10:37:00
13656,2011-06-28 10:31:00
16473,2011-06-28 09:10:00
18193,2011-06-27 13:58:00
15976,2011-06-27 13:00:00
17110,2011-06-27 12:58:00
17980,2011-06-27 12:01:00
12493,2011-06-27 10:17:00
13453,2011-06-27 09:34:00
12548,2011-06-26 15:35:00
15644,2011-06-26 14:54:00
14795,2011-06-26 13:04:00
17969,2011-06-26 13:00:00
15665,2011-06-24 14:57:00
15258,2011-06-24 12:30:00
13856,2011-06-24 10:03:00
17704,2011-06-24 09:40:00
14584,2011-06-23 18:33:00
13937,2011-06-23 16:35:00
13929,2011-06-23 15:26:00
14656,2011-06-23 13:51:00
15379,2011-06-23 13:13:00
13300,2011-06-23 13:09:00
17630,2011-06-23 11:58:00
17709,2011-06-23 11:55:00
16647,2011-06-23 11:47:00
15384,2011-06-23 10:57:00
15130,2011-06-23 10:15:00
16287,2011-06-23 09:08:00
14998,2011-06-22 17:30:00
15041,2011-06-22 16:16:00
14643,2011-06-22 14:41:00
16247,2011-06-22 14:23:00
17877,2011-06-22 13:00:00
16214,2011-06-22 11:30:00
16114,2011-06-22 10:13:00
15412,2011-06-21 15:24:00
17960,2011-06-21 14:15:00
16526,2011-06-21 12:02:00
15507,2011-06-21 11:19:00
15280,2011-06-20 17:14:00
15700,2011-06-20 16:53:00
15389,2011-06-20 16:18:00
16320,2011-06-20 15:25:00
15825,2011-06-20 13:27:00
18260,2011-06-20 12:37:00
15016,2011-06-20 12:06:00
17897,2011-06-20 11:23:00
15921,2011-06-20 11:03:00
15076,2011-06-20 08:23:00
12837,2011-06-19 16:07:00
15535,2011-06-19 16:02:00
18062,2011-06-19 14:47:00
13568,2011-06-19 14:42:00
17879,2011-06-19 12:36:00
16484,2011-06-19 12:06:00
16050,2011-06-19 11:44:00
14162,2011-06-19 11:36:00
16805,2011-06-19 11:23:00
13618,2011-06-19 11:09:00
13005,2011-06-19 10:53:00
15909,2011-06-19 10:38:00
17616,2011-06-19 10:11:00
14491,2011-06-17 15:22:00
17204,2011-06-17 14:46:00
18168,2011-06-16 19:21:00
15219,2011-06-16 16:57:00
13951,2011-06-16 16:43:00
12908,2011-06-16 15:39:00
14037,2011-06-16 13:57:00
13826,2011-06-16 13:48:00
17446,2011-06-16 10:42:00
16257,2011-06-16 10:11:00
16276,2011-06-16 09:34:00
16739,2011-06-16 09:17:00
15585,2011-06-16 08:38:00
14222,2011-06-15 16:42:00
17536,2011-06-15 13:23:00
18165,2011-06-15 13:23:00
16644,2011-06-15 12:39:00
13343,2011-06-15 12:24:00
16461,2011-06-15 12:07:00
15574,2011-06-15 12:01:00
12809,2011-06-15 10:51:00
17179,2011-06-14 16:48:00
17749,2011-06-14 15:45:00
15912,2011-06-14 14:29:00
13476,2011-06-14 12:00:00
13663,2011-06-13 15:44:00
13080,2011-06-13 14:59:00
17349,2011-06-13 14:29:00
15069,2011-06-13 14:16:00
17795,2011-06-13 12:36:00
12732,2011-06-13 11:33:00
14573,2011-06-13 11:15:00
13936,2011-06-13 08:47:00
14823,2011-06-12 13:12:00
18281,2011-06-12 10:53:00
14450,2011-06-12 10:46:00
15098,2011-06-10 15:33:00
13533,2011-06-10 11:54:00
16614,2011-06-10 11:36:00
17234,2011-06-10 11:20:00
16581,2011-06-10 10:05:00
13686,2011-06-10 09:10:00
13900,2011-06-09 19:26:00
16113,2011-06-09 16:16:00
14501,2011-06-09 12:02:00
15780,2011-06-09 12:01:00
14241,2011-06-09 11:46:00
14231,2011-06-09 11:05:00
13811,2011-06-09 09:54:00
13466,2011-06-08 16:39:00
16832,2011-06-08 15:36:00
15609,2011-06-08 13:00:00
14622,2011-06-08 12:42:00
16955,2011-06-08 10:36:00
17409,2011-06-08 10:36:00
12383,2011-06-08 08:02:00
17854,2011-06-07 16:21:00
13395,2011-06-07 15:04:00
17707,2011-06-07 15:03:00
17026,2011-06-07 14:28:00
17987,2011-06-07 14:22:00
17124,2011-06-07 14:02:00
14375,2011-06-07 13:44:00
17874,2011-06-07 12:54:00
12891,2011-06-07 12:31:00
14867,2011-06-07 11:39:00
18072,2011-06-07 10:44:00
12868,2011-06-07 10:42:00
14542,2011-06-07 08:19:00
16611,2011-06-06 15:46:00
15386,2011-06-06 13:47:00
16520,2011-06-06 13:24:00
15852,2011-06-06 11:22:00
12802,2011-06-06 09:36:00
16849,2011-06-06 09:16:00
13682,2011-06-05 14:06:00
16963,2011-06-05 13:48:00
16883,2011-06-05 12:51:00
14512,2011-06-05 12:39:00
14682,2011-06-05 12:12:00
12468,2011-06-05 11:36:00
17708,2011-06-05 10:12:00
15508,2011-06-03 15:43:00
13885,2011-06-03 15:07:00
16659,2011-06-03 15:03:00
15405,2011-06-03 14:44:00
16967,2011-06-03 14:24:00
16117,2011-06-03 11:42:00
12601,2011-06-03 10:17:00
16230,2011-06-03 10:06:00
13294,2011-06-03 08:54:00
17531,2011-06-02 19:17:00
16529,2011-06-02 17:23:00
15658,2011-06-02 15:22:00
17900,2011-06-02 14:38:00
14453,2011-06-02 14:15:00
15918,2011-06-02 11:42:00
13062,2011-06-01 15:12:00
17472,2011-06-01 14:57:00
13475,2011-06-01 13:52:00
16424,2011-06-01 13:40:00
14377,2011-06-01 13:32:00
15643,2011-06-01 07:38:00
16810,2011-05-31 15:32:00
18190,2011-05-31 14:48:00
18231,2011-05-31 14:18:00
12790,2011-05-31 14:14:00
17454,2011-05-31 13:58:00
13070,2011-05-31 13:45:00
13398,2011-05-31 13:17:00
16483,2011-05-31 13:08:00
15925,2011-05-29 15:35:00
17051,2011-05-29 14:13:00
16567,2011-05-29 13:57:00
15897,2011-05-29 13:50:00
12426,2011-05-29 12:26:00
17152,2011-05-29 12:19:00
16889,2011-05-29 11:05:00
16034,2011-05-27 16:17:00
14625,2011-05-27 15:32:00
16323,2011-05-27 14:48:00
12999,2011-05-27 13:24:00
16275,2011-05-27 12:41:00
15104,2011-05-27 12:29:00
13135,2011-05-27 10:52:00
14280,2011-05-27 10:37:00
14828,2011-05-27 10:16:00
14740,2011-05-26 18:17:00
17550,2011-05-26 14:09:00
14816,2011-05-26 13:16:00
16838,2011-05-26 13:13:00
12547,2011-05-26 12:38:00
16356,2011-05-26 11:51:00
16449,2011-05-26 10:25:00
12974,2011-05-26 09:33:00
16448,2011-05-25 16:28:00
14009,2011-05-25 15:47:00
14985,2011-05-25 14:29:00
14705,2011-05-25 12:39:00
17770,2011-05-25 12:34:00
17955,2011-05-25 12:00:00
16763,2011-05-25 11:52:00
15882,2011-05-25 11:35:00
15042,2011-05-24 16:25:00
17375,2011-05-24 15:45:00
15314,2011-05-24 14:39:00
18202,2011-05-24 12:12:00
13737,2011-05-23 16:32:00
14817,2011-05-23 13:35:00
13223,2011-05-23 13:03:00
17715,2011-05-23 12:32:00
13479,2011-05-23 10:45:00
13339,2011-05-23 08:31:00
15705,2011-05-22 15:37:00
15292,2011-05-22 15:00:00
15724,2011-05-22 14:40:00
14647,2011-05-22 13:40:00
17176,2011-05-22 12:41:00
13227,2011-05-22 11:47:00
14195,2011-05-22 10:29:00
18048,2011-05-20 14:58:00
16226,2011-05-20 14:41:00
13243,2011-05-20 13:14:00
17455,2011-05-20 12:31:00
13391,2011-05-20 10:50:00
12353,2011-05-19 17:47:00
13887,2011-05-19 17:22:00
15648,2011-05-19 15:53:00
12897,2011-05-19 12:13:00
14442,2011-05-19 11:36:00
17871,2011-05-19 11:32:00
17245,2011-05-19 10:43:00
14896,2011-05-19 10:20:00
13531,2011-05-18 16:56:00
13659,2011-05-18 12:37:00
13572,2011-05-18 11:59:00
14620,2011-05-18 11:58:00
17556,2011-05-18 10:48:00
12690,2011-05-18 09:09:00
17504,2011-05-17 12:59:00
14320,2011-05-17 09:24:00
13976,2011-05-17 09:13:00
14888,2011-05-16 14:58:00
14489,2011-05-16 14:51:00
15813,2011-05-16 08:13:00
17263,2011-05-15 14:32:00
15333,2011-05-15 13:27:00
14689,2011-05-15 11:22:00
14873,2011-05-13 13:52:00
12857,2011-05-13 10:20:00
12770,2011-05-13 09:33:00
17970,2011-05-12 20:03:00
14000,2011-05-12 16:50:00
12590,2011-05-12 14:52:00
16006,2011-05-12 13:12:00
18218,2011-05-12 12:53:00
13837,2011-05-12 12:10:00
14988,2011-05-12 12:05:00
16116,2011-05-12 12:01:00
16943,2011-05-12 11:57:00
16244,2011-05-12 10:18:00
12976,2011-05-12 09:55:00
12625,2011-05-12 09:54:00
13235,2011-05-11 17:13:00
17889,2011-05-11 16:26:00
15732,2011-05-11 14:24:00
18133,2011-05-11 14:14:00
13052,2011-05-11 14:12:00
15079,2011-05-11 12:45:00
15729,2011-05-11 12:36:00
14920,2011-05-11 10:32:00
13990,2011-05-10 15:19:00
16431,2011-05-10 14:09:00
15063,2011-05-10 13:25:00
14288,2011-05-10 13:22:00
16306,2011-05-10 12:12:00
15381,2011-05-10 11:55:00
17597,2011-05-10 11:54:00
15433,2011-05-10 10:45:00
12888,2011-05-09 16:02:00
12821,2011-05-09 15:51:00
14699,2011-05-09 14:54:00
12355,2011-05-09 13:49:00
18120,2011-05-09 13:45:00
16756,2011-05-09 09:33:00
14353,2011-05-08 16:06:00
15092,2011-05-08 14:10:00
13561,2011-05-08 12:39:00
13642,2011-05-08 12:34:00
14161,2011-05-08 11:41:00
13723,2011-05-06 17:04:00
12414,2011-05-06 14:51:00
15552,2011-05-06 14:47:00
18078,2011-05-06 14:32:00
17604,2011-05-06 13:43:00
18227,2011-05-06 12:23:00
17174,2011-05-06 11:47:00
16319,2011-05-06 11:27:00
15668,2011-05-06 10:39:00
15235,2011-05-06 09:44:00
13952,2011-05-06 09:00:00
17578,2011-05-05 18:38:00
14393,2011-05-05 18:16:00
14697,2011-05-05 15:39:00
15759,2011-05-05 15:13:00
14423,2011-05-05 15:12:00
17849,2011-05-05 13:46:00
14199,2011-05-05 13:44:00
16457,2011-05-05 13:19:00
18239,2011-05-05 12:38:00
16714,2011-05-05 11:09:00
13711,2011-05-05 10:31:00
14340,2011-05-05 09:44:00
16109,2011-05-05 09:17:00
13762,2011-05-05 09:15:00
17374,2011-05-05 09:05:00
16990,2011-05-05 08:30:00
13731,2011-05-04 14:33:00
17394,2011-05-04 13:22:00
17646,2011-05-04 13:17:00
16610,2011-05-04 13:13:00
17443,2011-05-04 10:47:00
14245,2011-05-04 08:40:00
17501,2011-05-03 09:47:00
14149,2011-05-03 09:44:00
16055,2011-05-03 09:26:00
16634,2011-05-01 12:09:00
14304,2011-05-01 11:50:00
15210,2011-04-28 16:11:00
17991,2011-04-28 15:58:00
14022,2011-04-28 14:39:00
17893,2011-04-28 13:50:00
16227,2011-04-28 13:33:00
14271,2011-04-28 12:47:00
13229,2011-04-28 12:07:00
15143,2011-04-28 12:03:00
15223,2011-04-28 11:31:00
17187,2011-04-27 12:39:00
15891,2011-04-27 12:35:00
16965,2011-04-27 12:08:00
16698,2011-04-27 10:52:00
18220,2011-04-27 09:03:00
12573,2011-04-26 15:52:00
18183,2011-04-26 15:26:00
16823,2011-04-26 15:00:00
17277,2011-04-26 12:47:00
16834,2011-04-26 09:37:00
17670,2011-04-26 09:12:00
13482,2011-04-21 17:03:00
12622,2011-04-21 16:39:00
16587,2011-04-21 15:51:00
16163,2011-04-21 15:15:00
14770,2011-04-21 14:21:00
17718,2011-04-21 13:39:00
12354,2011-04-21 13:11:00
12506,2011-04-21 08:54:00
17946,2011-04-20 17:00:00
17120,2011-04-20 15:21:00
15517,2011-04-20 14:02:00
13485,2011-04-20 13:58:00
14148,2011-04-20 12:02:00
17548,2011-04-20 12:01:00
17217,2011-04-19 17:19:00
12733,2011-04-19 16:19:00
15225,2011-04-19 14:51:00
13101,2011-04-19 14:37:00
12585,2011-04-19 13:39:00
15717,2011-04-19 13:21:00
14242,2011-04-19 11:46:00
14672,2011-04-19 10:19:00
18009,2011-04-18 13:36:00
16217,2011-04-18 13:31:00
15749,2011-04-18 13:20:00
16617,2011-04-18 10:35:00
16947,2011-04-18 09:38:00
12754,2011-04-18 09:00:00
17697,2011-04-17 15:40:00
13474,2011-04-17 13:53:00
17582,2011-04-17 13:18:00
12878,2011-04-17 13:07:00
14532,2011-04-17 13:05:00
16193,2011-04-17 11:45:00
17990,2011-04-17 11:44:00
18213,2011-04-17 10:21:00
15246,2011-04-15 14:45:00
17367,2011-04-15 14:21:00
12639,2011-04-15 12:48:00
12769,2011-04-15 10:25:00
13120,2011-04-15 10:19:00
12582,2011-04-15 08:45:00
15135,2011-04-14 19:16:00
17142,2011-04-14 18:22:00
17601,2011-04-14 18:02:00
14105,2011-04-14 17:58:00
14206,2011-04-14 16:38:00
14154,2011-04-14 16:26:00
17362,2011-04-14 14:43:00
15230,2011-04-14 14:39:00
16957,2011-04-14 13:56:00
15935,2011-04-14 13:27:00
15139,2011-04-14 11:39:00
13221,2011-04-13 16:58:00
15147,2011-04-13 15:57:00
17746,2011-04-13 14:31:00
16097,2011-04-13 13:47:00
13740,2011-04-13 10:32:00
16697,2011-04-12 17:12:00
15777,2011-04-12 16:43:00
13484,2011-04-12 16:30:00
15212,2011-04-12 13:45:00
17278,2011-04-12 13:10:00
17972,2011-04-12 12:16:00
14669,2011-04-12 11:43:00
14326,2011-04-11 15:04:00
12982,2011-04-11 11:51:00
14339,2011-04-11 11:06:00
14311,2011-04-11 10:14:00
16552,2011-04-11 10:04:00
14616,2011-04-11 09:54:00
17574,2011-04-11 09:47:00
15655,2011-04-10 15:25:00
18129,2011-04-10 14:16:00
13570,2011-04-10 13:36:00
12447,2011-04-10 13:25:00
13508,2011-04-10 11:58:00
15775,2011-04-08 12:56:00
17035,2011-04-08 11:23:00
16010,2011-04-08 10:14:00
16623,2011-04-08 10:09:00
15109,2011-04-08 09:58:00
14924,2011-04-08 09:25:00
15119,2011-04-08 09:08:00
16643,2011-04-08 08:24:00
14619,2011-04-08 07:37:00
14981,2011-04-07 13:45:00
13718,2011-04-07 13:24:00
14465,2011-04-07 12:38:00
13712,2011-04-07 12:33:00
12580,2011-04-07 10:24:00
16144,2011-04-07 10:09:00
17906,2011-04-06 17:25:00
16378,2011-04-06 15:07:00
14964,2011-04-06 14:13:00
17140,2011-04-06 13:33:00
14220,2011-04-06 13:23:00
15917,2011-04-06 10:40:00
13863,2011-04-06 10:20:00
17492,2011-04-05 15:21:00
15442,2011-04-05 12:24:00
16105,2011-04-05 10:13:00
16586,2011-04-05 09:32:00
14747,2011-04-04 14:09:00
17956,2011-04-04 13:47:00
18185,2011-04-04 13:42:00
13059,2011-04-04 10:40:00
16142,2011-04-04 10:16:00
13781,2011-04-03 12:08:00
15691,2011-04-01 15:13:00
16162,2011-04-01 15:03:00
17580,2011-04-01 12:41:00
17701,2011-04-01 12:25:00
13841,2011-04-01 12:10:00
13462,2011-04-01 11:20:00
13626,2011-04-01 10:05:00
14886,2011-04-01 08:56:00
17212,2011-03-31 19:42:00
14957,2011-03-31 17:59:00
15894,2011-03-31 13:50:00
14890,2011-03-31 11:57:00
13060,2011-03-31 11:37:00
17438,2011-03-31 10:26:00
14479,2011-03-31 09:07:00
15528,2011-03-30 16:14:00
15832,2011-03-30 15:29:00
18108,2011-03-30 13:56:00
15424,2011-03-30 13:02:00
15353,2011-03-30 12:15:00
17775,2011-03-30 10:50:00
16980,2011-03-29 16:36:00
13439,2011-03-29 14:20:00
13803,2011-03-29 12:57:00
15589,2011-03-29 09:54:00
15032,2011-03-28 15:03:00
16692,2011-03-28 14:46:00
18010,2011-03-28 12:27:00
15083,2011-03-28 12:18:00
13649,2011-03-28 11:51:00
12792,2011-03-28 11:36:00
13368,2011-03-28 09:59:00
14476,2011-03-27 15:39:00
13357,2011-03-27 13:56:00
18071,2011-03-27 11:59:00
13452,2011-03-25 14:19:00
14536,2011-03-25 12:21:00
14348,2011-03-24 16:23:00
15178,2011-03-24 15:12:00
16063,2011-03-24 14:55:00
16769,2011-03-24 13:41:00
14256,2011-03-24 13:17:00
16022,2011-03-24 13:16:00
17698,2011-03-24 11:34:00
13512,2011-03-24 10:03:00
13341,2011-03-24 09:50:00
12811,2011-03-24 09:42:00
16250,2011-03-23 15:07:00
12564,2011-03-23 14:55:00
17486,2011-03-23 14:00:00
13132,2011-03-23 12:44:00
18191,2011-03-23 12:08:00
12818,2011-03-23 12:06:00
17507,2011-03-23 11:48:00
14870,2011-03-23 10:51:00
13239,2011-03-23 10:25:00
17102,2011-03-23 10:08:00
16721,2011-03-22 16:08:00
15457,2011-03-22 15:31:00
15437,2011-03-22 13:11:00
12831,2011-03-22 13:02:00
16135,2011-03-22 12:30:00
14632,2011-03-22 08:49:00
16427,2011-03-21 17:10:00
13262,2011-03-21 15:06:00
17763,2011-03-21 14:25:00
17678,2011-03-21 11:52:00
18224,2011-03-21 10:30:00
13934,2011-03-21 08:39:00
14762,2011-03-21 08:20:00
16619,2011-03-21 08:18:00
17230,2011-03-20 16:12:00
15445,2011-03-20 15:06:00
15408,2011-03-20 15:02:00
16096,2011-03-20 13:38:00
14693,2011-03-20 12:50:00
16402,2011-03-20 12:25:00
12902,2011-03-20 12:06:00
15703,2011-03-20 10:51:00
14633,2011-03-18 17:07:00
14155,2011-03-18 14:13:00
17060,2011-03-18 13:27:00
14041,2011-03-18 13:25:00
15019,2011-03-18 12:35:00
14066,2011-03-18 12:21:00
16256,2011-03-18 12:18:00
14059,2011-03-18 10:06:00
16716,2011-03-18 10:03:00
15695,2011-03-18 08:32:00
13072,2011-03-18 08:12:00
13707,2011-03-17 18:03:00
12514,2011-03-17 16:38:00
16976,2011-03-17 16:33:00
16377,2011-03-17 15:41:00
16216,2011-03-17 15:34:00
12845,2011-03-17 13:34:00
13216,2011-03-17 12:18:00
14840,2011-03-17 12:00:00
13185,2011-03-17 11:56:00
13299,2011-03-16 12:55:00
13261,2011-03-16 12:22:00
13358,2011-03-16 11:52:00
16152,2011-03-16 09:47:00
16297,2011-03-16 08:29:00
13121,2011-03-15 16:47:00
13716,2011-03-15 13:49:00
16392,2011-03-15 12:11:00
17542,2011-03-15 11:45:00
15047,2011-03-15 10:49:00
16037,2011-03-15 09:13:00
15388,2011-03-14 13:53:00
14962,2011-03-14 09:42:00
13708,2011-03-13 13:46:00
16766,2011-03-11 15:22:00
13043,2011-03-11 14:52:00
13226,2011-03-11 14:35:00
15049,2011-03-11 12:13:00
17194,2011-03-11 12:05:00
13133,2011-03-11 10:31:00
14114,2011-03-11 09:42:00
14727,2011-03-10 14:45:00
14350,2011-03-10 14:14:00
18086,2011-03-10 13:34:00
15308,2011-03-10 13:08:00
16625,2011-03-10 12:50:00
14603,2011-03-10 10:27:00
16471,2011-03-10 09:41:00
13493,2011-03-09 15:35:00
15057,2011-03-09 15:17:00
14165,2011-03-09 12:39:00
13093,2011-03-09 12:14:00
17138,2011-03-09 11:54:00
12881,2011-03-09 11:44:00
17639,2011-03-08 15:22:00
12623,2011-03-08 13:50:00
16917,2011-03-08 11:55:00
15944,2011-03-08 10:33:00
14586,2011-03-08 10:04:00
15234,2011-03-08 08:53:00
15869,2011-03-07 17:23:00
16517,2011-03-07 13:50:00
17654,2011-03-07 13:17:00
14012,2011-03-07 12:26:00
12614,2011-03-07 10:22:00
18280,2011-03-07 09:52:00
15554,2011-03-07 09:00:00
14247,2011-03-06 15:21:00
17535,2011-03-04 15:20:00
14670,2011-03-04 14:13:00
17325,2011-03-04 13:09:00
12755,2011-03-04 12:42:00
14779,2011-03-04 12:42:00
14570,2011-03-04 10:58:00
13382,2011-03-04 10:03:00
17508,2011-03-04 08:10:00
13715,2011-03-03 19:21:00
12817,2011-03-03 16:28:00
17789,2011-03-03 13:14:00
17995,2011-03-03 12:30:00
16159,2011-03-03 12:27:00
15087,2011-03-03 10:34:00
14483,2011-03-03 10:26:00
17923,2011-03-02 15:15:00
12873,2011-03-02 14:58:00
16792,2011-03-02 14:41:00
12834,2011-03-02 09:49:00
15733,2011-03-02 09:05:00
13497,2011-03-02 09:04:00
13166,2011-03-01 15:16:00
12866,2011-03-01 14:11:00
15456,2011-03-01 13:51:00
15257,2011-03-01 12:58:00
15319,2011-03-01 12:48:00
15709,2011-03-01 10:38:00
16078,2011-03-01 09:47:00
17165,2011-02-28 16:39:00
14046,2011-02-28 14:48:00
12509,2011-02-28 14:45:00
16339,2011-02-28 13:41:00
14036,2011-02-28 09:26:00
16598,2011-02-27 11:42:00
13684,2011-02-27 10:13:00
13973,2011-02-25 15:21:00
12361,2011-02-25 13:51:00
13753,2011-02-25 12:48:00
13345,2011-02-25 09:01:00
13501,2011-02-24 18:59:00
16997,2011-02-24 17:28:00
13751,2011-02-24 15:56:00
15543,2011-02-24 15:26:00
16072,2011-02-24 14:32:00
18056,2011-02-24 14:27:00
12945,2011-02-24 14:15:00
17117,2011-02-24 13:54:00
12565,2011-02-24 10:34:00
17171,2011-02-23 16:37:00
18068,2011-02-23 14:50:00
15397,2011-02-23 09:25:00
17499,2011-02-23 09:14:00
15303,2011-02-22 13:59:00
18114,2011-02-22 13:20:00
16913,2011-02-22 12:56:00
16349,2011-02-22 12:40:00
16546,2011-02-22 11:20:00
13044,2011-02-21 15:20:00
12365,2011-02-21 14:04:00
12707,2011-02-21 08:38:00
12988,2011-02-20 14:31:00
16765,2011-02-18 15:41:00
13932,2011-02-18 12:02:00
12852,2011-02-18 08:47:00
14371,2011-02-17 16:35:00
18138,2011-02-17 14:51:00
13151,2011-02-17 12:29:00
16148,2011-02-16 14:01:00
16494,2011-02-16 12:49:00
15670,2011-02-16 10:50:00
14386,2011-02-16 09:45:00
16509,2011-02-16 09:25:00
14760,2011-02-15 16:27:00
16073,2011-02-15 15:41:00
14935,2011-02-15 14:44:00
14176,2011-02-15 13:12:00
13893,2011-02-15 11:30:00
16738,2011-02-15 09:46:00
17829,2011-02-14 12:46:00
15236,2011-02-14 10:52:00
16084,2011-02-13 16:05:00
16897,2011-02-13 15:02:00
18159,2011-02-11 14:26:00
13672,2011-02-11 13:53:00
13819,2011-02-11 10:38:00
16725,2011-02-10 16:52:00
14081,2011-02-10 16:17:00
16405,2011-02-10 15:24:00
17334,2011-02-10 14:59:00
16425,2011-02-10 14:30:00
12561,2011-02-10 11:39:00
14431,2011-02-10 10:40:00
13706,2011-02-10 09:21:00
17358,2011-02-09 16:57:00
17843,2011-02-09 15:33:00
12401,2011-02-09 13:50:00
15970,2011-02-09 12:08:00
15843,2011-02-09 10:19:00
17881,2011-02-08 17:16:00
15753,2011-02-08 12:41:00
17859,2011-02-08 10:32:00
14048,2011-02-07 14:53:00
13809,2011-02-07 13:15:00
14600,2011-02-07 09:48:00
12956,2011-02-06 16:08:00
14438,2011-02-06 14:56:00
15808,2011-02-06 14:33:00
13584,2011-02-06 12:49:00
17392,2011-02-06 12:48:00
13963,2011-02-04 14:43:00
15090,2011-02-04 14:03:00
17291,2011-02-04 13:04:00
17226,2011-02-04 11:52:00
17517,2011-02-04 11:48:00
12410,2011-02-04 10:39:00
14497,2011-02-03 17:01:00
13581,2011-02-03 14:41:00
13800,2011-02-03 12:27:00
16030,2011-02-03 11:28:00
12350,2011-02-02 16:01:00
17223,2011-02-02 15:57:00
17912,2011-02-02 14:25:00
18250,2011-02-02 13:16:00
15226,2011-02-02 11:41:00
14411,2011-02-02 10:56:00
12559,2011-02-02 09:49:00
14457,2011-02-02 09:39:00
15940,2011-02-01 16:18:00
15107,2011-02-01 14:46:00
14549,2011-02-01 13:47:00
12373,2011-02-01 13:10:00
12929,2011-02-01 12:08:00
13494,2011-02-01 11:58:00
14850,2011-02-01 11:21:00
17356,2011-02-01 11:07:00
14496,2011-02-01 09:01:00
15881,2011-01-31 16:59:00
13600,2011-01-31 15:27:00
17619,2011-01-31 14:18:00
16403,2011-01-31 13:39:00
18095,2011-01-31 12:50:00
15448,2011-01-31 10:42:00
17239,2011-01-31 09:41:00
17431,2011-01-30 14:36:00
15415,2011-01-30 14:13:00
13161,2011-01-30 14:03:00
17062,2011-01-30 11:01:00
12377,2011-01-28 15:45:00
12735,2011-01-28 13:37:00
12574,2011-01-28 09:20:00
13328,2011-01-27 15:22:00
13506,2011-01-27 13:53:00
12764,2011-01-27 10:19:00
16124,2011-01-26 14:45:00
12591,2011-01-26 14:35:00
15661,2011-01-26 13:56:00
17118,2011-01-26 12:19:00
13002,2011-01-25 15:18:00
14248,2011-01-25 14:45:00
16222,2011-01-25 13:38:00
13703,2011-01-25 13:10:00
15213,2011-01-25 12:21:00
16757,2011-01-25 11:59:00
13615,2011-01-25 08:21:00
15222,2011-01-25 08:03:00
14130,2011-01-24 16:05:00
15052,2011-01-24 15:52:00
13551,2011-01-24 14:46:00
15820,2011-01-24 12:00:00
14439,2011-01-24 11:39:00
14782,2011-01-24 11:12:00
14368,2011-01-24 09:52:00
14068,2011-01-23 16:02:00
15167,2011-01-23 12:41:00
17714,2011-01-23 10:32:00
17094,2011-01-21 13:09:00
16387,2011-01-21 11:34:00
17890,2011-01-21 11:19:00
15174,2011-01-21 09:06:00
15422,2011-01-20 16:17:00
13008,2011-01-20 14:24:00
12402,2011-01-20 13:49:00
17862,2011-01-20 12:23:00
15262,2011-01-20 12:16:00
14090,2011-01-19 10:51:00
12665,2011-01-19 08:34:00
15395,2011-01-18 12:40:00
13898,2011-01-18 10:28:00
12346,2011-01-18 10:01:00
18233,2011-01-18 08:44:00
13859,2011-01-17 16:14:00
18212,2011-01-17 16:14:00
14238,2011-01-17 14:40:00
15316,2011-01-17 11:34:00
12872,2011-01-17 10:52:00
18106,2011-01-14 12:23:00
13385,2011-01-14 09:52:00
12672,2011-01-14 09:20:00
18085,2011-01-13 15:17:00
15510,2011-01-13 12:10:00
16315,2011-01-13 11:57:00
15447,2011-01-13 11:26:00
13284,2011-01-13 09:23:00
15171,2011-01-12 15:36:00
12652,2011-01-12 15:00:00
14185,2011-01-12 13:52:00
14270,2011-01-12 09:33:00
17569,2011-01-11 14:15:00
15346,2011-01-11 11:18:00
13144,2011-01-11 11:15:00
16351,2011-01-11 10:26:00
12736,2011-01-11 07:57:00
17406,2011-01-10 15:07:00
15326,2011-01-10 11:38:00
16850,2011-01-10 11:09:00
15100,2011-01-10 10:35:00
18032,2011-01-09 15:32:00
12651,2011-01-09 12:46:00
12793,2011-01-09 12:12:00
17128,2011-01-09 12:02:00
14889,2011-01-07 15:19:00
15649,2011-01-07 13:34:00
12489,2011-01-07 13:13:00
15607,2011-01-07 12:44:00
12501,2011-01-07 12:28:00
12829,2011-01-07 11:13:00
13187,2011-01-06 18:57:00
12386,2011-01-06 12:37:00
15464,2011-01-05 15:56:00
15266,2011-01-05 13:40:00
16282,2011-01-04 11:42:00
13304,2010-12-23 14:35:00
13922,2010-12-23 10:38:00
15562,2010-12-23 09:55:00
12734,2010-12-22 12:47:00
12515,2010-12-21 15:43:00
16270,2010-12-21 14:26:00
15460,2010-12-20 16:08:00
15279,2010-12-20 10:48:00
17343,2010-12-19 15:07:00
13033,2010-12-17 14:23:00
15160,2010-12-17 14:15:00
15204,2010-12-17 13:49:00
12551,2010-12-17 11:23:00
12967,2010-12-16 19:10:00
13874,2010-12-16 18:20:00
17691,2010-12-16 17:20:00
18176,2010-12-16 15:45:00
14373,2010-12-16 15:40:00
15224,2010-12-16 15:02:00
15789,2010-12-16 14:35:00
17496,2010-12-16 08:39:00
17752,2010-12-15 16:19:00
18050,2010-12-15 14:25:00
17551,2010-12-15 14:12:00
17525,2010-12-15 12:05:00
13295,2010-12-15 11:21:00
16499,2010-12-14 13:31:00
16812,2010-12-14 12:35:00
16202,2010-12-14 10:43:00
13948,2010-12-14 10:18:00
17524,2010-12-13 14:32:00
17303,2010-12-13 13:32:00
15361,2010-12-13 09:52:00
15454,2010-12-12 14:21:00
16665,2010-12-12 14:03:00
18004,2010-12-12 13:47:00
14413,2010-12-12 13:37:00
17251,2010-12-12 11:06:00
15503,2010-12-12 10:57:00
16565,2010-12-10 15:21:00
16727,2010-12-10 13:48:00
12785,2010-12-10 13:48:00
15723,2010-12-10 11:12:00
14082,2010-12-10 11:02:00
17880,2010-12-10 10:21:00
17456,2010-12-09 15:23:00
16795,2010-12-09 14:08:00
17978,2010-12-09 14:05:00
15945,2010-12-09 13:14:00
16065,2010-12-09 13:03:00
14355,2010-12-09 12:16:00
14932,2010-12-09 11:48:00
13369,2010-12-09 11:30:00
12797,2010-12-09 10:55:00
14437,2010-12-09 09:27:00
15347,2010-12-08 15:25:00
13270,2010-12-08 14:53:00
15332,2010-12-08 14:43:00
18269,2010-12-08 13:53:00
16679,2010-12-08 13:51:00
15221,2010-12-08 13:08:00
16893,2010-12-08 12:06:00
15973,2010-12-08 11:42:00
12441,2010-12-08 10:45:00
14821,2010-12-08 08:43:00
13807,2010-12-07 15:48:00
16125,2010-12-07 15:48:00
15180,2010-12-07 14:57:00
13786,2010-12-07 13:53:00
18119,2010-12-07 11:59:00
16658,2010-12-06 13:47:00
17860,2010-12-06 12:41:00
18113,2010-12-06 12:31:00
15899,2010-12-06 10:36:00
16858,2010-12-06 09:52:00
16718,2010-12-05 13:03:00
15880,2010-12-05 13:00:00
14813,2010-12-05 11:57:00
12725,2010-12-03 15:45:00
16926,2010-12-03 13:42:00
14589,2010-12-03 11:42:00
17967,2010-12-03 11:19:00
13370,2010-12-03 10:26:00
12686,2010-12-03 09:51:00
12738,2010-12-02 18:27:00
14576,2010-12-02 17:51:00
16754,2010-12-02 17:38:00
13011,2010-12-02 17:22:00
17850,2010-12-02 15:27:00
15823,2010-12-02 15:08:00
16781,2010-12-02 14:26:00
17976,2010-12-02 13:49:00
16510,2010-12-02 13:39:00
15363,2010-12-02 12:28:00
16752,2010-12-02 12:18:00
15923,2010-12-02 12:16:00
15070,2010-12-02 11:23:00
13108,2010-12-02 10:35:00
17925,2010-12-02 10:10:00
17855,2010-12-02 09:44:00
12855,2010-12-02 09:37:00
17732,2010-12-02 09:29:00
18011,2010-12-01 17:35:00
13065,2010-12-01 16:52:00
14142,2010-12-01 16:33:00
16274,2010-12-01 15:35:00
16048,2010-12-01 15:28:00
17643,2010-12-01 14:38:00
15165,2010-12-01 14:03:00
15922,2010-12-01 13:51:00
15350,2010-12-01 13:33:00
14237,2010-12-01 13:20:00
14729,2010-12-01 12:43:00
17968,2010-12-01 12:23:00
16583,2010-12-01 12:03:00
17908,2010-12-01 11:45:00
12791,2010-12-01 11:27:00
13747,2010-12-01 10:37:00
18074,2010-12-01 09:53:00
